Date,Open,High,Low,Close,Volume
01-01-2008,1000,1000,986,991,183100
02-01-2008,1005,1009.95,978.6,993.1,351300
03-01-2008,999,999,969.95,972.65,455600
04-01-2008,975,982.5,959,964,798900
07-01-2008,952,970,952,964,683100
08-01-2008,965,970,936,938,644300
09-01-2008,944.9,1055,912.5,918.9,601300
10-01-2008,931,941.75,905.05,909.9,510700
11-01-2008,927,927,888,892,857600
14-01-2008,899.7,909,840,852,698500
15-01-2008,873.95,881.35,852,870,1000700
16-01-2008,868,868,827,840,558800
17-01-2008,855,894.9,842.15,860.25,602600
18-01-2008,860,865.55,835.1,835.1,444500
21-01-2008,824,834.5,755.05,790,614100
22-01-2008,780,840,700,794,949500
23-01-2008,835,859,785,820,777600
24-01-2008,850,850,761,790,1045600
25-01-2008,823,845,794,835,563300
28-01-2008,775.05,874,775.05,861,358000
29-01-2008,870,881,816.3,866.6,739300
30-01-2008,870,870,833,845,462300
31-01-2008,843,864.8,825,838.25,702800
01-02-2008,833.15,918,826,902,425600
04-02-2008,920,923.9,891.2,895.5,773000
05-02-2008,912,920,869,872,296900
06-02-2008,855.1,860,827,832.9,400600
07-02-2008,845,845,790,793,549200
08-02-2008,802,814,780.1,799,588500
11-02-2008,805.75,850,775,811,467600
12-02-2008,815.4,827,796.25,804.9,313800
13-02-2008,812,824.95,802.15,816.2,394800
14-02-2008,821.1,845,820,830.3,245000
15-02-2008,825,829,805,812.65,658100
18-02-2008,830,830,801,805.7,212400
19-02-2008,813,819,805.15,809,394100
20-02-2008,808,808,763,771.5,750100
21-02-2008,777,790,754.45,765,631700
22-02-2008,765,774.8,750.1,765,599000
25-02-2008,775,805.5,768.25,795.95,623500
26-02-2008,811.3,816,791,813,349100
27-02-2008,815,840,815,835,678200
28-02-2008,830,843,816.7,840,517800
29-02-2008,830,875,825,868,1698900
03-03-2008,859.7,909,847.5,873,1827800
04-03-2008,875,915,875,915,1388500
05-03-2008,907,944.5,902,940,1504300
06-03-2008,940,940,940,940,0
07-03-2008,921.25,938.1,873.55,926.15,1553900
10-03-2008,919,938,883,886.4,1362900
11-03-2008,885,892,852,861.8,846100
12-03-2008,876,884.9,851.1,861.8,965800
13-03-2008,850,874.9,806,837.4,797000
14-03-2008,840,849.8,805,839,652800
17-03-2008,810,829.9,800,805.1,361600
18-03-2008,810,824.85,805.15,809.25,446400
19-03-2008,830,836.25,801.6,829.9,649000
20-03-2008,829.9,829.9,829.9,829.9,0
21-03-2008,829.9,829.9,829.9,829.9,0
24-03-2008,863.55,863.55,790,810,505100
25-03-2008,825,863.95,816,845.3,747200
26-03-2008,850,856,835.05,845,699100
27-03-2008,840.25,848.5,831,839,557400
28-03-2008,834.75,855,822,843.6,519800
31-03-2008,840,840,811,817.95,685900
01-04-2008,840,855,807.55,815,454500
02-04-2008,829,849,805.5,811,243500
03-04-2008,818.85,819.7,775,790,760000
04-04-2008,790.2,792,761.15,766,475600
07-04-2008,768,769.9,738.05,760.8,917300
08-04-2008,765,765,740.1,743.9,550600
09-04-2008,745,745,725.1,734.45,786700
10-04-2008,736,748.85,730,738,685400
11-04-2008,745,747.9,730.5,740.35,300700
14-04-2008,740.35,740.35,740.35,740.35,0
15-04-2008,739.15,759.9,727.6,754.5,241300
16-04-2008,765,765,751.3,757.9,393800
17-04-2008,761,766.5,753,760,282000
18-04-2008,760,760,760,760,0
21-04-2008,750,783.5,725,762,354900
22-04-2008,765,769,753.6,758.05,283300
23-04-2008,757.85,769.9,754.25,769,446600
24-04-2008,775.8,777,726.55,750,2313300
25-04-2008,732,754,732,737.2,856300
28-04-2008,737.95,749,720.2,723,1017400
29-04-2008,720,736.7,720,732.05,782300
30-04-2008,734.9,749,730,742,927500
01-05-2008,742,742,742,742,0
02-05-2008,751.1,791.9,751.1,789.2,1868000
05-05-2008,793,809.9,780.3,782,1035500
06-05-2008,788,788,757.55,770.05,814200
07-05-2008,770,777.8,759.05,774,438100
08-05-2008,768.9,774,761.5,770,593400
09-05-2008,766,770.8,758,769,1618300
12-05-2008,764.9,774.9,763,770.1,545900
13-05-2008,778,786,769,771,420700
14-05-2008,775,799.5,767.05,795.05,966200
15-05-2008,802.15,826.9,800,819.5,1156600
16-05-2008,831.95,831.95,816,819.9,453900
19-05-2008,819.9,819.9,819.9,819.9,0
20-05-2008,830,835,810,812.2,1200200
21-05-2008,805,816,790,807.2,582100
22-05-2008,805,813,790.05,802.2,528400
23-05-2008,805,812.8,784.2,794,585000
26-05-2008,780,780.2,755.5,760,610500
27-05-2008,780.8,780.8,755.3,767,327600
28-05-2008,768,790,751.25,785.4,268400
29-05-2008,794.9,794.9,757.15,765,569900
30-05-2008,782.5,782.5,757,764.75,335500
02-06-2008,765.5,802,756,783.05,1431200
03-06-2008,770,789.8,761.55,784,281200
04-06-2008,782.5,789,731,747,638200
05-06-2008,743,769.25,733.15,760.35,721100
06-06-2008,765,773,742.15,750,413700
09-06-2008,751,751,725,736.05,420900
10-06-2008,739.5,748.2,718,745,476400
11-06-2008,748,763,729.1,733,367100
12-06-2008,720,747,702,744.9,391000
13-06-2008,742,742,718.1,722.3,406100
16-06-2008,733,736.8,712.55,717.05,627600
17-06-2008,715,764.8,715,763.5,672700
18-06-2008,755,760,737.1,744.05,329400
19-06-2008,741,762,734.3,742.5,293900
20-06-2008,747.05,750,711,728,493600
23-06-2008,727,727,681.35,688,459400
24-06-2008,685,699,662.25,680,858900
25-06-2008,663,699.9,638,686.25,358900
26-06-2008,691.95,718,666.1,678,1031900
27-06-2008,675.9,675.9,636,648,828000
30-06-2008,654.8,654.8,610,615,420900
01-07-2008,616.55,620,558.1,565,599000
02-07-2008,571.5,590,560,587,769300
03-07-2008,577.35,579.2,545,550,595900
04-07-2008,548,573.75,535,539,402200
07-07-2008,555,593.5,549,566,578900
08-07-2008,563.9,576,540.5,568.5,546800
09-07-2008,575.05,606.9,575,590,816800
10-07-2008,592,596,560,567.5,697500
11-07-2008,571.9,578.8,556.1,565,352900
14-07-2008,574.7,584.7,560.1,570,452800
15-07-2008,520.5,561,520.5,549,201500
16-07-2008,549,554.85,540,547.9,443500
17-07-2008,560,602.7,556,600,984900
18-07-2008,605,623,588.35,620,772600
21-07-2008,625.15,660,615,656,477000
22-07-2008,625.25,625.25,585,588,2570600
23-07-2008,601,614.75,592.35,607,2110000
24-07-2008,610,634.8,610,617,981600
25-07-2008,610,623,600.3,615.05,747700
28-07-2008,615,624,608.1,608.55,645200
29-07-2008,602,604,559.2,569,687500
30-07-2008,557,595,557,595,769700
31-07-2008,592,598.8,570,570,1262200
01-08-2008,564.9,569.9,553,565,1437400
04-08-2008,562.15,576,556.3,570,519400
05-08-2008,576,623,572.1,618,1055900
06-08-2008,644,674.9,627,649.15,2758100
07-08-2008,649,680,647,668.5,1381600
08-08-2008,626.65,684.05,626.65,679.25,714900
11-08-2008,690.9,725.7,682,714.5,1498300
12-08-2008,709,713.7,661.3,678.8,1840400
13-08-2008,679.05,689.5,658,671.5,1199300
14-08-2008,666,666,643.4,652,907100
15-08-2008,652,652,652,652,0
18-08-2008,651,655,618,629,929800
19-08-2008,639.85,639.85,601.95,617.5,1380700
20-08-2008,616.5,629.9,615,623,1028000
21-08-2008,625,630,611.5,618,618100
22-08-2008,610,634,603.2,625.75,774900
25-08-2008,620,649.8,615.15,623.4,749100
26-08-2008,619,641.9,609.7,630,933600
27-08-2008,630,635,620,628,797400
28-08-2008,615,636.65,611.35,625.15,512900
29-08-2008,635,661.3,635,647.95,1078100
01-09-2008,649.6,649.6,618.5,636,1055000
02-09-2008,630.2,670,630.2,668.05,747500
03-09-2008,668.05,668.05,668.05,668.05,0
04-09-2008,658,693.5,645.1,690,1135000
05-09-2008,666,685,653.35,685,787100
08-09-2008,685.55,719.95,682.3,686,1293600
09-09-2008,690,713.4,676.4,713.4,634800
10-09-2008,698,707.9,688.3,699.6,621500
11-09-2008,687,702.1,675,677,694800
12-09-2008,682,711.9,682,703.15,1442700
15-09-2008,655.65,737.85,655.65,719.1,1213700
16-09-2008,700,720.05,684.05,700,978600
17-09-2008,715,715,681,693.9,1133300
18-09-2008,680,734.7,670,715,1114800
19-09-2008,732.5,749.95,724,746.75,902200
22-09-2008,766,766,710.5,710.5,1035000
23-09-2008,700,726.9,695.05,704.5,899100
24-09-2008,698,716.1,692.4,707.05,563100
25-09-2008,682.65,712,682.65,697,817900
26-09-2008,700,703,671.25,673,273500
29-09-2008,645.05,690,645.05,663,517900
30-09-2008,647.6,701,636.3,695,739000
01-10-2008,695.35,708,684,698,600300
02-10-2008,698,698,698,698,0
03-10-2008,681,715,672.05,690.5,757300
06-10-2008,665,692,653.4,660,565400
07-10-2008,660.55,688.7,619.1,682.05,1383800
08-10-2008,651,698,627.5,689.3,2054000
09-10-2008,689.3,689.3,689.3,689.3,0
10-10-2008,631,689.7,631,679,899300
13-10-2008,676,725.8,676,723.4,944800
14-10-2008,732,749,711,713,945500
15-10-2008,705,713,668.25,679,868000
16-10-2008,665.9,685,643.15,676,706400
17-10-2008,684.1,689,632.3,640,1058300
20-10-2008,637,674.8,625,660.1,587300
21-10-2008,663.8,690,645.35,681,825500
22-10-2008,660,674,628.55,648.1,646400
23-10-2008,628,645,587.3,591,1010100
24-10-2008,580,581.5,512,524.9,1557000
27-10-2008,525.5,538.4,475,515,719100
28-10-2008,536,567,536,552.65,47800
29-10-2008,556,562,505.3,549,1216600
30-10-2008,549,549,549,549,0
31-10-2008,561,584,546.7,570,887100
03-11-2008,565.5,619,565.5,600,720300
04-11-2008,600,619.7,583.15,618.7,648000
05-11-2008,639,639,610.1,612,840100
06-11-2008,600,624.4,582.45,599.9,1095000
07-11-2008,595,609.75,570,598.1,995100
10-11-2008,600,608,584.55,595,560600
11-11-2008,590,590,560.15,576,1035200
12-11-2008,568,569.85,546.1,560.5,838300
13-11-2008,560.5,560.5,560.5,560.5,0
14-11-2008,580,580,530.05,540,1225300
17-11-2008,533,558.8,520.1,547.05,636300
18-11-2008,545,568.8,505.55,507.7,714000
19-11-2008,517,548,504.1,512,707600
20-11-2008,506,510,467.8,491,1049900
21-11-2008,486.3,524.7,480.15,524.7,763900
24-11-2008,515.05,535,495.15,525.25,468700
25-11-2008,574,574,522.7,535.55,890000
26-11-2008,539,542.85,508,536.1,1145200
27-11-2008,536.1,536.1,536.1,536.1,0
28-11-2008,537,548.9,521,536,872000
01-12-2008,540.5,544.9,482.1,483,1306800
02-12-2008,433,476,433,460.05,1541200
03-12-2008,468,493.9,445.5,492.1,1609200
04-12-2008,485,494.7,468.15,487.9,1548500
05-12-2008,490,496.3,477.15,489.95,1210600
08-12-2008,500,524,476.7,496.5,2471600
09-12-2008,496.5,496.5,496.5,496.5,0
10-12-2008,505,524.8,487.4,522.8,1258300
11-12-2008,522,528,501,509.65,1335100
12-12-2008,480,513,475.7,510.05,956600
15-12-2008,515,524,505.6,507,1216700
16-12-2008,509,518.9,491.55,518.75,1443800
17-12-2008,520,520,504.55,506.15,1261800
18-12-2008,478,542.8,478,539,1192300
19-12-2008,528,568.9,528,548,1641700
22-12-2008,555,558.95,525.4,526.6,1211000
23-12-2008,527,527,508.2,514.15,1076200
24-12-2008,524.7,524.7,495.7,502,1403300
25-12-2008,502,502,502,502,0
26-12-2008,502,518.4,501.4,512.55,1064800
29-12-2008,519.2,519.2,484,499.5,2104900
30-12-2008,504.9,523.95,497.05,516,1067100
31-12-2008,520.1,527,506.35,519,1712800
01-01-2009,521,558,515.15,550.7,1326100
02-01-2009,539,559,534,545,954800
05-01-2009,578.9,578.9,543.55,557,906500
06-01-2009,552,571.85,546.35,563.1,900900
07-01-2009,570,579.7,551.3,568,1151200
08-01-2009,568,568,568,568,0
09-01-2009,553,596,550.1,583.5,1868200
12-01-2009,580.1,596.75,561.6,576,1977200
13-01-2009,580,595,566,595,1241600
14-01-2009,583,604,578,578,1507500
15-01-2009,575,598.2,542.35,597.8,1128300
16-01-2009,590.1,597.9,581.8,582.55,1073600
19-01-2009,585.1,585.1,567.6,569,754400
20-01-2009,567.9,567.9,556.1,559,451900
21-01-2009,556,561.7,536.15,538,893200
22-01-2009,540.45,550,513.1,521.9,1104000
23-01-2009,520,525,502.3,516,866100
26-01-2009,516,516,516,516,0
27-01-2009,512.35,547,512.35,535.15,768900
28-01-2009,540,547.95,511.25,520,1180400
29-01-2009,526.2,555,521.2,540.05,2407500
30-01-2009,535,578.9,531,574,1711600
02-02-2009,561,588.8,555,568,1262100
03-02-2009,570,594.25,570,584,1028700
04-02-2009,587.5,606.8,585.5,603,1544900
05-02-2009,585.6,603.9,571.4,575,1405000
06-02-2009,579,586.7,572,579.5,688400
09-02-2009,597.5,598.9,574.1,595,543300
10-02-2009,590,615.9,589.3,610.9,902000
11-02-2009,600,634,597,632,1444000
12-02-2009,625,628,607.4,611.05,990800
13-02-2009,616.3,637.4,616.3,632,748900
16-02-2009,625,641,609,621.15,1571900
17-02-2009,617.3,617.3,595.6,606.8,939100
18-02-2009,604,624,593,624,662700
19-02-2009,618,637.4,618,632.3,1081500
20-02-2009,617,635.9,615.15,631.1,1142500
23-02-2009,631.1,631.1,631.1,631.1,0
24-02-2009,617,647.85,614,635,1298000
25-02-2009,647.4,669.4,644,653.5,2076300
26-02-2009,632.4,709.4,632.4,686.2,2256800
27-02-2009,690,690,659.05,678.7,2104000
02-03-2009,698.7,698.7,657.1,674,1926400
03-03-2009,659,687.6,659,669,1575500
04-03-2009,675,688.9,666.9,688,1174400
05-03-2009,699.8,699.8,663.6,668.4,957000
06-03-2009,679,679,643.3,648.5,1699900
09-03-2009,674.8,677.3,640.4,650.5,811500
10-03-2009,650.5,650.5,650.5,650.5,0
11-03-2009,650.5,650.5,650.5,650.5,0
12-03-2009,669.95,697.3,652.05,687,1840600
13-03-2009,697,719.5,688.35,705.95,1981700
16-03-2009,712.85,715.95,688.35,695.2,1590300
17-03-2009,708.7,715,692,711,1889600
18-03-2009,715.15,728,709,714,1994300
19-03-2009,721,744,716,740,1334700
20-03-2009,735,735,708.25,712,608100
23-03-2009,719,737.7,717.1,735,523600
24-03-2009,738,756,717.65,732,3057400
25-03-2009,733,753.8,723.25,738.1,1355900
26-03-2009,745,799,734.2,756.25,2063900
27-03-2009,770,774.65,751.2,771.95,997400
30-03-2009,760,769.35,732.35,758.25,1086400
31-03-2009,761,788.85,751.5,779,1993900
01-04-2009,780,799,765.05,797,1232600
02-04-2009,801.65,831.4,780,782,1537800
03-04-2009,782,782,782,782,0
06-04-2009,797.65,804,785.05,799.1,1075300
07-04-2009,799.1,799.1,799.1,799.1,0
08-04-2009,785,820,770.05,815.65,1223900
09-04-2009,820,829.5,798.3,807.5,995100
10-04-2009,807.5,807.5,807.5,807.5,0
13-04-2009,815.25,839,811,819.7,922100
14-04-2009,819.7,819.7,819.7,819.7,0
15-04-2009,815,854.8,807,849.75,1421200
16-04-2009,852,873.8,845,856,1121700
17-04-2009,851,866,825.35,836.25,777800
20-04-2009,837.85,854,828.25,839,398400
21-04-2009,827,838.2,777.25,790,1276000
22-04-2009,828.8,828.8,741,758.1,2283700
23-04-2009,755,816,743,813,2416900
24-04-2009,808,818.7,763.5,798,2607600
27-04-2009,779.5,821.8,773.6,813.05,2957300
28-04-2009,806,822,790.5,809,1269700
29-04-2009,809,819.9,784.3,817.85,1808300
30-04-2009,817.85,817.85,817.85,817.85,0
01-05-2009,817.85,817.85,817.85,817.85,0
04-05-2009,821.35,849.8,820.25,837.65,962600
05-05-2009,845,859,815.05,826.8,1814200
06-05-2009,827.5,837.9,797,807,2001500
07-05-2009,815,843.9,800,842.15,1231200
08-05-2009,838,845.95,816.55,826.55,582400
11-05-2009,836,845.95,819.25,833,730600
12-05-2009,830,875.5,820.05,868,1490300
13-05-2009,857.6,872,830,834,1105600
14-05-2009,815.65,841.85,795,841.2,773500
15-05-2009,842,857,837,844,588300
18-05-2009,924,954,918,938.2,22700
19-05-2009,960,1064,940,996.35,2296500
20-05-2009,992,1058.9,981.4,1029.55,1492500
21-05-2009,1026,1041.85,957.65,967.5,1440500
22-05-2009,962,974.9,954,962,1387300
25-05-2009,962.5,985.5,958,969.05,553000
26-05-2009,973.5,980,948,960,465200
27-05-2009,970.2,983,946.2,982.85,584800
28-05-2009,974.5,1028.8,965.3,1009.9,1886700
29-05-2009,1009,1037.45,983,1027,1690900
01-06-2009,1025,1062,1025,1040,750200
02-06-2009,1035,1049,1020.5,1029.8,1394200
03-06-2009,1030,1063.3,1022.75,1047,812200
04-06-2009,1030,1084.7,1030,1075,956500
05-06-2009,1080,1112.8,1070.1,1085.35,623600
08-06-2009,1075.05,1103,1026.15,1030,751300
09-06-2009,1029,1111.8,1005.15,1093.3,560500
10-06-2009,1100,1119,1090,1110,671100
11-06-2009,1073.35,1111,1073.35,1096,481700
12-06-2009,1053.65,1114.85,1053.65,1085,854000
15-06-2009,1046.35,1083.8,1046.35,1051.3,473500
16-06-2009,1046.35,1093.9,1040,1075,613500
17-06-2009,1071.3,1085.4,1050,1052,560900
18-06-2009,1055,1059.9,1025.15,1032,474300
19-06-2009,1035,1064,1031.3,1050,410000
22-06-2009,1060,1074.75,1038.05,1066,354900
23-06-2009,1052,1066.9,1036,1048,806300
24-06-2009,1055,1064.9,1029,1059,661100
25-06-2009,1068,1069,1009.9,1035,584500
26-06-2009,1037,1063.65,1018.1,1057.55,441000
29-06-2009,1059.1,1079.8,1038.35,1067.5,279100
30-06-2009,1075,1078.1,1050,1074,670600
01-07-2009,1078,1086,1053,1066,425200
02-07-2009,1080,1080,1029,1050.7,309100
03-07-2009,1049.7,1066.9,1040.15,1052.15,272900
06-07-2009,1058.75,1073.6,991.5,1027,801700
07-07-2009,1028.7,1110,1020,1075,719600
08-07-2009,1060,1108.4,1056.5,1102,850400
09-07-2009,1108,1124,1090.1,1098.75,485300
10-07-2009,1095,1115,1068.75,1107,659200
13-07-2009,1090,1094.9,1040.4,1064.9,319300
14-07-2009,1074.3,1095,1068.35,1077.05,828800
15-07-2009,1085,1117.75,1065.35,1110,488400
16-07-2009,1115.1,1152.4,1086.3,1142,657900
17-07-2009,1159,1193.65,1148,1192,1156800
20-07-2009,1188,1219.9,1184,1213,691000
21-07-2009,1180,1248.5,1180,1239.75,591600
22-07-2009,1241,1249.95,1201,1210,542000
23-07-2009,1220,1305,1220,1299.1,1811300
24-07-2009,1301,1399.9,1297.1,1374.75,1721900
27-07-2009,1388,1394,1349.7,1365.25,673400
28-07-2009,1370,1418,1345,1406.1,972500
29-07-2009,1395,1418.95,1362,1391,675400
30-07-2009,1381,1416.95,1371,1402,954900
31-07-2009,1434,1448.65,1402,1410.7,577900
03-08-2009,1411,1484,1411,1469.6,705600
04-08-2009,1469.85,1515.9,1450,1500,1168700
05-08-2009,1515,1515,1431.3,1439,838300
06-08-2009,1443,1443.8,1342.2,1353,1287500
07-08-2009,1350,1355,1282,1283,1983700
10-08-2009,1319.85,1332.8,1225.1,1232,2630000
11-08-2009,1220,1309.5,1220,1296,1467500
12-08-2009,1272,1298.9,1255.8,1297.7,917400
13-08-2009,1330,1385.9,1301,1370.05,1546300
14-08-2009,1370,1385,1342,1345.2,731300
17-08-2009,1325,1330,1265.55,1284.95,784900
18-08-2009,1284.95,1284.95,1284.95,1284.95,0
19-08-2009,1284.95,1284.95,1284.95,1284.95,0
20-08-2009,1284.95,1284.95,1284.95,1284.95,0
21-08-2009,1284.95,1284.95,1284.95,1284.95,0
24-08-2009,1402.05,1441.9,1395,1436.9,860800
25-08-2009,1428,1448,1411,1412.2,777400
26-08-2009,1435,1435,1391.05,1415,693700
27-08-2009,1398,1425,1383.6,1417,1179400
28-08-2009,1425,1437,1390,1420,543400
31-08-2009,1411.15,1459,1393.3,1449,751600
01-09-2009,1447,1561,1445.65,1543.75,2722200
02-09-2009,1545,1569.9,1502,1513,1374300
03-09-2009,1527.65,1538.3,1494.1,1515.25,822400
04-09-2009,1510,1555.4,1506,1544.5,729200
07-09-2009,1560,1584.75,1542.8,1559,634900
08-09-2009,1570,1572,1513.1,1515.1,518400
09-09-2009,1519,1542,1505.6,1513,598300
10-09-2009,1521.4,1547,1482.1,1483,549400
11-09-2009,1519.35,1519.35,1446.35,1469,815400
14-09-2009,1459.8,1489.6,1454.6,1472,563300
15-09-2009,1479.6,1509,1464,1498.05,600500
16-09-2009,1500,1530,1495.15,1514,671100
17-09-2009,1523.5,1576.45,1521.4,1554.2,1076500
18-09-2009,1560,1650,1540.2,1645,1661400
21-09-2009,1645,1645,1645,1645,0
22-09-2009,1648.6,1688,1639.9,1654.05,619600
23-09-2009,1659.8,1674.5,1642,1657.95,494500
24-09-2009,1645,1656,1612,1641,663200
25-09-2009,1625,1674,1618.7,1633,548300
28-09-2009,1633,1633,1633,1633,0
29-09-2009,1648,1668,1621,1643.9,683600
30-09-2009,1642,1737.3,1629,1709,798300
01-10-2009,1715,1715,1647.6,1647.6,704500
02-10-2009,1647.6,1647.6,1647.6,1647.6,0
05-10-2009,1647,1647,1587.6,1601.7,766800
06-10-2009,1619,1628.95,1577.2,1596,895900
07-10-2009,1609.8,1614.5,1533.1,1539,1441900
08-10-2009,1550,1560,1505,1506.6,2200400
09-10-2009,1518.1,1524.85,1471.35,1474,1152000
12-10-2009,1489,1529.9,1481,1527.5,1136700
13-10-2009,1527.5,1527.5,1527.5,1527.5,0
14-10-2009,1527.2,1549,1512,1524,1068800
15-10-2009,1531.1,1548,1512.2,1529,601400
16-10-2009,1529,1553.9,1509.5,1516.15,662600
19-10-2009,1516.15,1516.15,1516.15,1516.15,0
20-10-2009,1527.5,1567.8,1515,1546.95,832500
21-10-2009,1550,1558.9,1495.3,1510,485300
22-10-2009,1501,1514.4,1462.2,1502.15,1079400
23-10-2009,1500,1535.9,1495,1514.25,821400
26-10-2009,1522,1550,1496.35,1510,880400
27-10-2009,1500,1528.5,1465.35,1470.15,572300
28-10-2009,1475,1479.9,1405.6,1416.4,804600
29-10-2009,1400,1413.9,1368,1386,1393700
30-10-2009,1423.9,1445.9,1376.6,1392.65,1057400
02-11-2009,1392.65,1392.65,1392.65,1392.65,0
03-11-2009,1403,1436.85,1396,1414,1116600
04-11-2009,1434.8,1470,1416.1,1464.1,581700
05-11-2009,1459,1493.85,1416.1,1485,786300
06-11-2009,1503,1519,1461.1,1471.5,754000
09-11-2009,1473,1493.8,1447.1,1478.75,661900
10-11-2009,1495.1,1501,1438.5,1445,895500
11-11-2009,1435.35,1462,1418,1452.3,1103300
12-11-2009,1460,1479.85,1416,1421,1257200
13-11-2009,1423,1484.45,1390,1481,1197400
16-11-2009,1425,1568,1425,1545.85,1571300
17-11-2009,1554,1567.5,1537.1,1547.25,1081000
18-11-2009,1550,1575.8,1521.25,1558,747700
19-11-2009,1550,1574.6,1528.1,1555.25,906200
20-11-2009,1531.25,1549.5,1520.1,1543.2,711900
23-11-2009,1557.7,1567.1,1544.05,1560,574100
24-11-2009,1558.5,1619,1558.5,1600,1145300
25-11-2009,1600.25,1639,1600,1629.3,745000
26-11-2009,1620,1635.6,1560.35,1569.7,577600
27-11-2009,1516,1583.85,1458.8,1558,613000
30-11-2009,1692.3,1692.3,1548,1552.9,338500
01-12-2009,1565,1607,1565,1587,956300
02-12-2009,1597,1637.65,1597,1609,844800
03-12-2009,1623,1651.9,1612.4,1641.25,745200
04-12-2009,1631,1635,1583,1593.5,685600
07-12-2009,1590,1613.6,1570,1574,326300
08-12-2009,1577,1591.85,1563.1,1571.2,382300
09-12-2009,1573,1635.6,1550,1614.05,1657000
10-12-2009,1615,1628.25,1582.5,1583,541000
11-12-2009,1592,1615,1584.1,1595,529500
14-12-2009,1595,1625,1586.5,1609.85,497700
15-12-2009,1619,1619,1562.25,1581,639300
16-12-2009,1590.95,1590.95,1557.3,1571.2,444100
17-12-2009,1574,1574,1550,1555,311700
18-12-2009,1540,1560,1534.1,1553,635300
21-12-2009,1553,1562,1514.75,1518,480900
22-12-2009,1528,1540,1523,1530.2,230800
23-12-2009,1534,1564,1534,1559,343000
24-12-2009,1564.9,1574,1551.1,1564.3,477600
25-12-2009,1564.3,1564.3,1564.3,1564.3,0
28-12-2009,1564.3,1564.3,1564.3,1564.3,0
29-12-2009,1574.9,1577,1558.9,1567,366400
30-12-2009,1567.15,1573,1555.15,1569.25,501300
31-12-2009,1575.15,1575.15,1541.5,1567.2,664200
01-01-2010,1567.2,1567.2,1567.2,1567.2,0
04-01-2010,1565,1586.7,1546.15,1548.15,534200
05-01-2010,1563.5,1567.55,1510,1516.2,1407400
06-01-2010,1518,1522.8,1460,1462,1571300
07-01-2010,1468,1485,1450,1451,901100
08-01-2010,1459,1463.8,1421.1,1436,1294400
11-01-2010,1442,1462.25,1438,1455,478900
12-01-2010,1454.75,1462,1435,1441.25,767900
13-01-2010,1437,1449.5,1410.8,1428,612400
14-01-2010,1439,1443.25,1411,1414.95,480400
15-01-2010,1410,1442.9,1408.15,1414.35,723300
18-01-2010,1409,1447,1407,1431.9,916100
19-01-2010,1435,1450,1413.1,1419,1009800
20-01-2010,1419,1419,1419,1419,0
21-01-2010,1419,1419,1419,1419,0
22-01-2010,1419,1419,1419,1419,0
25-01-2010,1419,1419,1419,1419,0
26-01-2010,1419,1419,1419,1419,0
27-01-2010,1419,1419,1419,1419,0
28-01-2010,1419,1419,1419,1419,0
29-01-2010,1419,1419,1419,1419,0
01-02-2010,1419,1419,1419,1419,0
02-02-2010,1419,1419,1419,1419,0
03-02-2010,1419,1419,1419,1419,0
04-02-2010,1419,1419,1419,1419,0
05-02-2010,1349.5,1378.05,1320.25,1358.9,471200
08-02-2010,1375.1,1388.8,1347.2,1362.05,555600
09-02-2010,1355,1374,1342.5,1352.75,491000
10-02-2010,1355,1368.6,1328.25,1333.9,433600
11-02-2010,1330.1,1363.5,1330.1,1356.35,289000
12-02-2010,1361.05,1361.05,1361.05,1361.05,0
15-02-2010,1364,1368.8,1330.1,1336,288700
16-02-2010,1339.7,1370.45,1334,1357.35,322800
17-02-2010,1369.95,1386.9,1365.3,1380.25,371900
18-02-2010,1390,1390,1349,1359.65,323600
19-02-2010,1354,1381,1335,1371,399700
22-02-2010,1380,1403,1378.3,1386.25,385200
23-02-2010,1369.85,1389,1317.7,1335.75,484700
24-02-2010,1325,1388.85,1317.65,1365.4,827200
25-02-2010,1374.2,1407.9,1358,1399.9,794200
26-02-2010,1398.8,1490,1375,1459.95,1711700
01-03-2010,1466.1,1466.1,1466.1,1466.1,0
02-03-2010,1472,1501,1462.55,1491.1,1321900
03-03-2010,1496,1500.9,1460.65,1476.5,809600
04-03-2010,1477,1489,1452.1,1457.15,413800
05-03-2010,1467,1474.4,1447.7,1457.05,353400
08-03-2010,1473.7,1492.3,1463,1478.15,515500
09-03-2010,1480,1509.15,1471,1499.5,875500
10-03-2010,1508,1519.8,1470,1479.85,976300
11-03-2010,1470.05,1484.95,1455,1464.2,554000
12-03-2010,1470,1487.5,1460,1463.6,334600
15-03-2010,1464,1464.8,1426.15,1446.1,445000
16-03-2010,1459.8,1462.8,1436.45,1458.8,256200
17-03-2010,1465,1473.75,1428.65,1433.5,648600
18-03-2010,1444,1446,1409,1421.7,631900
19-03-2010,1428,1434.3,1421,1429.3,286900
22-03-2010,1420,1423.8,1391,1397.45,470400
23-03-2010,1404.95,1412.2,1388,1393.4,313800
24-03-2010,1390.8,1390.8,1390.8,1390.8,0
25-03-2010,1390,1397.85,1360,1370.15,656300
26-03-2010,1372,1413,1368.05,1396.85,576500
29-03-2010,1409.8,1437.8,1397.2,1427.45,628000
30-03-2010,1400,1446,1400,1407.65,354700
31-03-2010,1391.55,1423.5,1349,1417.95,320900
01-04-2010,1425,1429,1386.25,1393.15,477100
02-04-2010,1391.6,1391.6,1391.6,1391.6,0
05-04-2010,1399.5,1409,1386.3,1397.35,409100
06-04-2010,1410,1410,1373.25,1376.65,343700
07-04-2010,1389.7,1407,1368,1402.9,634800
08-04-2010,1247.7,1412,1247.7,1384.1,410200
09-04-2010,1396,1399,1370.25,1377.65,441900
12-04-2010,1398,1408.8,1363.5,1371.55,401800
13-04-2010,1375,1376.8,1352.8,1361,309200
14-04-2010,1361,1361,1361,1361,0
15-04-2010,1371,1378.9,1350,1354.85,296600
16-04-2010,1350.75,1361.7,1345,1351.15,220100
19-04-2010,1352.6,1352.6,1324.2,1332.3,239000
20-04-2010,1340,1366.05,1332,1352.35,379900
21-04-2010,1350,1380,1350,1377.45,314700
22-04-2010,1375,1399.8,1364.5,1379.35,483600
23-04-2010,1380,1388.7,1355.05,1361.35,268900
26-04-2010,1370,1385.4,1327.05,1333.7,1940700
27-04-2010,1329,1335.15,1280,1283.3,2351200
28-04-2010,1275,1287.8,1255,1270.35,1214100
29-04-2010,1273.1,1294.7,1272,1289.4,815700
30-04-2010,1300,1300,1275.1,1279.7,441000
03-05-2010,1275,1294.25,1263.35,1281.45,599800
04-05-2010,1288,1297.45,1257.5,1265.35,457000
05-05-2010,1247.7,1290,1233.8,1282.55,550700
06-05-2010,1284,1289,1265.25,1278.5,394500
07-05-2010,1261,1288,1250,1279,488300
10-05-2010,1291.2,1299.9,1276.7,1295.45,563900
11-05-2010,1300,1300,1265,1268.1,395000
12-05-2010,1270,1286.8,1262,1265.25,589700
13-05-2010,1275,1285.6,1270.35,1275.8,662600
14-05-2010,1269,1281,1246.9,1259.5,443300
17-05-2010,1250,1254.8,1237.05,1241.5,322900
18-05-2010,1241.3,1252.45,1236,1242.45,462400
19-05-2010,1234.7,1254,1221,1226.8,496200
20-05-2010,1238.8,1239.3,1198.6,1208.35,485600
21-05-2010,1176,1245,1170,1238.55,744900
24-05-2010,1254.9,1259,1205,1215.65,263200
25-05-2010,1201.2,1211,1177.6,1198.75,457400
26-05-2010,1195,1224,1184.15,1200.7,584200
27-05-2010,1205,1248.75,1191,1238.15,982200
28-05-2010,1243,1244.8,1216.2,1225.2,330700
31-05-2010,1236,1240,1224.65,1236.85,233600
01-06-2010,1235,1297,1231.05,1257,1452400
02-06-2010,1261,1286,1261,1278.25,785600
03-06-2010,1288,1310,1287,1296.8,686300
04-06-2010,1304,1335,1290,1330.05,883300
07-06-2010,1282.1,1319.8,1280.8,1315.45,464300
08-06-2010,1319.9,1337.5,1286.5,1294.35,608600
09-06-2010,1295.65,1317.5,1290.05,1303,403100
10-06-2010,1316,1349.8,1296,1346.15,910600
11-06-2010,1347,1364,1340,1356.65,733700
14-06-2010,1364,1367,1344,1355.45,245100
15-06-2010,1355,1359.85,1332.1,1342.9,316300
16-06-2010,1349,1369.9,1332.6,1364.45,616300
17-06-2010,1369,1387,1356.5,1379.75,428000
18-06-2010,1374.7,1383,1347,1351.15,557600
21-06-2010,1362,1383,1358.65,1376.25,312600
22-06-2010,1367.5,1380,1360,1369.05,235500
23-06-2010,1365,1414,1360,1407.35,860700
24-06-2010,1410,1416.9,1371,1386.95,1361900
25-06-2010,1382,1421.9,1376,1396.8,1336000
28-06-2010,1398,1403.8,1380.35,1394.75,292300
29-06-2010,1390,1409.9,1380.25,1388.95,362700
30-06-2010,1370,1433.95,1370,1423.75,735100
01-07-2010,1424.3,1424.3,1380,1400.9,637300
02-07-2010,1400,1425.8,1381,1415.9,580300
05-07-2010,1415.9,1415.9,1392.2,1396.1,196900
06-07-2010,1396,1396,1385,1392.35,261200
07-07-2010,1392,1409.8,1372.25,1380,350200
08-07-2010,1392.2,1408.9,1387.9,1403.4,419000
09-07-2010,1400,1429.75,1395,1424.25,615300
12-07-2010,1435,1435,1405.8,1409.35,271200
13-07-2010,1415.05,1415.9,1391.05,1409.1,284400
14-07-2010,1417,1423.45,1386.6,1393.6,182500
15-07-2010,1415,1415,1371,1375.25,308900
16-07-2010,1372.9,1382.7,1364,1374.1,184100
19-07-2010,1335,1387.9,1335,1363.3,220000
20-07-2010,1395,1395,1351.1,1358.5,141500
21-07-2010,1369,1379.9,1359.1,1362.4,293100
22-07-2010,1379.9,1380,1345.25,1354.15,514100
23-07-2010,1365,1372.7,1346.3,1358.2,736000
26-07-2010,1302.3,1317.5,1126.85,1191.45,6485200
27-07-2010,1190,1239.9,1182,1207.5,4499500
28-07-2010,1210,1223.7,1200,1202.6,848400
29-07-2010,1205,1214.45,1190.1,1197.75,1600600
30-07-2010,1199,1212.9,1192.55,1198.6,553500
02-08-2010,1211,1218.5,1202.2,1209.9,660800
03-08-2010,1223.45,1224,1210.05,1213.2,461000
04-08-2010,1214,1221,1206.4,1213.6,581600
05-08-2010,1218,1240.95,1217.5,1225.75,875300
06-08-2010,1230,1235.55,1218.5,1221.4,358900
09-08-2010,1216.7,1234,1215.75,1232.1,365400
10-08-2010,1230,1237.95,1222,1227.25,291100
11-08-2010,1227,1234.9,1211.05,1215.2,668200
12-08-2010,1209,1232.7,1203.5,1226,334100
13-08-2010,1230,1254.4,1222.5,1249.15,683900
16-08-2010,1249,1271.8,1245,1256.55,537800
17-08-2010,1260,1267,1245.45,1253.55,311800
18-08-2010,1258.85,1264.15,1251,1254.35,182800
19-08-2010,1261.8,1267.85,1250.05,1251.65,202600
20-08-2010,1248,1257,1238,1239.7,152600
23-08-2010,1240.4,1252.75,1236,1245.1,148100
24-08-2010,1255,1255,1225,1233.05,215600
25-08-2010,1236.4,1242,1216.1,1220.05,198900
26-08-2010,1223.65,1234.75,1212.6,1227.2,962000
27-08-2010,1218,1245,1210.05,1218.7,209500
30-08-2010,1222,1247.8,1222,1235.35,322500
31-08-2010,1234.35,1264.45,1228,1257.5,478900
01-09-2010,1262,1281.15,1262,1272.75,688800
02-09-2010,1276,1291.95,1273.5,1276.7,480500
03-09-2010,1277,1284,1213.65,1272.1,209200
06-09-2010,1280,1313,1277.35,1302.55,446600
07-09-2010,1305,1328.75,1304.45,1315.4,441500
08-09-2010,1319.7,1336.9,1303,1307.5,372400
09-09-2010,1312,1321,1307.5,1314.8,244300
10-09-2010,1314.7,1314.7,1314.7,1314.7,0
13-09-2010,1325,1333,1314.15,1328.15,235500
14-09-2010,1330.15,1367.9,1330.15,1346.5,1528600
15-09-2010,1349,1380,1348.7,1368.65,1032900
16-09-2010,1360,1405.4,1358.9,1397.3,1238000
17-09-2010,1400,1414.2,1382,1388.35,322000
20-09-2010,1390,1405,1380,1398.9,542200
21-09-2010,1400.05,1417.9,1387.1,1413.1,582600
22-09-2010,1420.25,1470,1420.25,1463.85,1288400
23-09-2010,1465,1470,1444.45,1458.6,494100
24-09-2010,1465,1485,1460.1,1481.75,609300
27-09-2010,1494,1495,1472,1479.1,371000
28-09-2010,1452,1484.6,1452,1468.1,405900
29-09-2010,1452,1481.95,1425.2,1430.05,413900
30-09-2010,1440,1497.25,1390.35,1440.9,457400
01-10-2010,1456,1491.8,1451,1479.95,736800
04-10-2010,1490,1498,1475.3,1480.15,246300
05-10-2010,1486,1524,1478.2,1503.35,620500
06-10-2010,1510,1529,1507,1516.7,361300
07-10-2010,1519.05,1524.4,1485,1490.1,288700
08-10-2010,1492,1507,1472.3,1497.2,208200
11-10-2010,1508.1,1526.25,1495,1517.25,307900
12-10-2010,1519.95,1529,1503.25,1520.05,355600
13-10-2010,1525,1566.8,1518,1558.4,1201000
14-10-2010,1560.05,1574.4,1541.35,1557.4,647800
15-10-2010,1555,1560.55,1481.85,1518.9,597900
18-10-2010,1515,1520,1482.6,1491.55,388500
19-10-2010,1495.05,1515,1481.05,1494.85,243500
20-10-2010,1490,1508,1485,1490.7,151200
21-10-2010,1500,1519,1481.3,1513.65,208600
22-10-2010,1515,1525,1495,1503.3,133600
25-10-2010,1504.9,1525.9,1500.2,1507,151600
26-10-2010,1517.95,1585,1511,1566.8,2316400
27-10-2010,1567.15,1570,1507.2,1525.6,794100
28-10-2010,1529.7,1549,1515,1534.8,665000
29-10-2010,1534.8,1559,1516.05,1551.6,236700
01-11-2010,1560,1560,1482.5,1508.3,875700
02-11-2010,1509.85,1524,1488,1493.4,345600
03-11-2010,1497.55,1508.6,1487,1496.1,235500
04-11-2010,1501,1514,1496.05,1507.6,352700
05-11-2010,1525,1525,1507,1508,40100
08-11-2010,1515,1519,1486,1488.6,228400
09-11-2010,1490,1506,1466,1471.95,382700
10-11-2010,1475,1478,1460.05,1475.1,209700
11-11-2010,1485,1487.5,1465.2,1470.4,217600
12-11-2010,1463,1469,1444.05,1454.5,213100
15-11-2010,1452,1459.15,1424,1436.9,133300
16-11-2010,1444.95,1449.35,1385.55,1400.65,382400
17-11-2010,1400,1400,1400,1400,0
18-11-2010,1409.85,1437.7,1376.7,1430.35,359700
19-11-2010,1433.9,1433.9,1397.1,1405.4,235500
22-11-2010,1410,1428,1395,1420.95,145500
23-11-2010,1415,1453.85,1396.9,1441.5,331000
24-11-2010,1440,1467,1403.15,1416.05,202900
25-11-2010,1416.15,1427.9,1371.35,1380.1,407000
26-11-2010,1386,1389.9,1336,1367,199100
29-11-2010,1370,1417.4,1365.3,1406.05,143000
30-11-2010,1406.05,1428.75,1376.45,1422,215500
01-12-2010,1420,1446.5,1402.15,1414.1,414000
02-12-2010,1437.3,1437.3,1403.4,1408.85,234300
03-12-2010,1410,1419.8,1391.3,1400.6,228400
06-12-2010,1417,1417,1391,1408.1,129500
07-12-2010,1410,1446.7,1408.7,1428.65,376500
08-12-2010,1430,1444.7,1392.15,1417.15,309100
09-12-2010,1406,1415,1383.25,1391.15,228100
10-12-2010,1390,1418.85,1365.7,1413.25,156700
13-12-2010,1420,1434.05,1402,1421.85,202800
14-12-2010,1420.05,1435,1406,1413.85,112000
15-12-2010,1414,1414.95,1387.6,1395,222300
16-12-2010,1398,1399,1365.25,1378,338000
17-12-2010,1373,1373,1373,1373,0
20-12-2010,1380.5,1422,1346,1414.85,325100
21-12-2010,1416.6,1454.8,1402.5,1423.3,610300
22-12-2010,1425.05,1431,1384.2,1394.1,297200
23-12-2010,1390.25,1399.95,1385.1,1392.35,346600
24-12-2010,1391,1398.45,1368,1391.5,208100
27-12-2010,1398,1407.8,1386.7,1394.35,149300
28-12-2010,1400,1406,1386.05,1395.2,193300
29-12-2010,1394.1,1424,1386.35,1417.9,228600
30-12-2010,1422,1439.5,1413,1420.45,231700
31-12-2010,1420.8,1430.5,1415,1421.6,153400
03-01-2011,1430,1450,1418.5,1426.05,300100
04-01-2011,1427,1453.4,1404.05,1428.75,540300
05-01-2011,1428,1435,1406.35,1412.45,275000
06-01-2011,1415.05,1425,1366.3,1373.9,353200
07-01-2011,1365,1367.7,1337.55,1340.55,493700
10-01-2011,1349,1350,1318.2,1326,254400
11-01-2011,1325,1330.7,1305.95,1318.45,394100
12-01-2011,1324,1328.9,1294.9,1317.65,316600
13-01-2011,1320,1325,1301.6,1315.55,263400
14-01-2011,1316,1319,1263.3,1269.7,468800
17-01-2011,1270,1280,1255,1269.6,206200
18-01-2011,1276,1285.05,1268.05,1277.6,210000
19-01-2011,1284,1284,1266.5,1272.7,233300
20-01-2011,1267.55,1268,1245.1,1259.25,186700
21-01-2011,1264,1267.7,1238.2,1248.65,361800
24-01-2011,1269,1299.95,1255,1292.5,285300
25-01-2011,1305,1305,1276.05,1288.15,237000
26-01-2011,1292,1292,1292,1292,0
27-01-2011,1299.8,1299.8,1263.1,1269.7,188700
28-01-2011,1272,1272,1220,1229.35,609400
31-01-2011,1199,1264.45,1150.3,1252.85,1056100
01-02-2011,1266,1275,1233.6,1242.4,331400
02-02-2011,1248.45,1248.45,1211,1217.05,446200
03-02-2011,1210,1229.9,1205.3,1218.2,355400
04-02-2011,1230,1236.4,1176,1182.95,309300
07-02-2011,1201,1201,1180,1189.75,155100
08-02-2011,1194,1194,1170.1,1176.8,214400
09-02-2011,1174,1189,1145,1154,178800
10-02-2011,1157.5,1174.85,1148.1,1160,268300
11-02-2011,1145,1186.8,1145,1181.35,306000
14-02-2011,1200,1228,1193,1224.1,258800
15-02-2011,1225,1242,1212,1236.7,215200
16-02-2011,1240,1240,1221,1227.95,94600
17-02-2011,1218.9,1239.95,1215,1228.05,128200
18-02-2011,1227,1256,1225,1228.7,355700
21-02-2011,1229,1230,1181,1207.35,203800
22-02-2011,1205,1205,1170.1,1181.1,189500
23-02-2011,1178,1202.6,1178,1192.5,339400
24-02-2011,1178,1199,1154.7,1174.55,656000
25-02-2011,1183,1183,1144.6,1168.65,347500
28-02-2011,1171,1228,1158.5,1208.2,376900
01-03-2011,1209.1,1312.7,1206,1290.75,759100
02-03-2011,1294,1294,1294,1294,0
03-03-2011,1281.15,1334,1271.05,1322.25,461500
04-03-2011,1325,1341.6,1294.9,1312.05,455100
07-03-2011,1281,1290,1249.15,1260.85,252300
08-03-2011,1267.8,1274.9,1245.5,1256.15,406600
09-03-2011,1262,1283,1260.1,1266,181200
10-03-2011,1264.75,1285,1255.35,1271.4,220900
11-03-2011,1256.5,1278.5,1240,1250.85,252600
14-03-2011,1242.25,1266,1218.05,1257,555000
15-03-2011,1220,1229.9,1200,1214.15,447400
16-03-2011,1219.8,1228.9,1214.1,1219.25,233400
17-03-2011,1205.2,1213.9,1155.05,1165.1,1136100
18-03-2011,1183.7,1201,1147.1,1156.2,1087200
21-03-2011,1161.2,1166,1122,1128.2,524600
22-03-2011,1136.05,1179,1133.05,1171.95,879100
23-03-2011,1170,1181,1157.1,1175.95,458400
24-03-2011,1170,1184,1157.8,1167.15,569600
25-03-2011,1173,1185,1161.5,1182.3,504900
28-03-2011,1189.8,1210.35,1180,1201.7,604100
29-03-2011,1210,1249.9,1206,1237.95,593100
30-03-2011,1246,1295.8,1238.85,1269,934400
31-03-2011,1269,1286,1251,1262.15,851000
01-04-2011,1251.65,1292.4,1251.65,1271.1,373300
04-04-2011,1286,1304.9,1258.6,1300.35,406600
05-04-2011,1300.35,1322,1282.8,1310.85,327400
06-04-2011,1327,1328.1,1288.05,1297.5,477800
07-04-2011,1279.55,1285,1268,1278.25,378300
08-04-2011,1275,1284.5,1250,1253.85,274000
11-04-2011,1250,1254.1,1231,1237.6,161300
12-04-2011,1237,1237,1237,1237,0
13-04-2011,1214,1282.15,1214,1278.15,486600
14-04-2011,1280,1280,1280,1280,0
15-04-2011,1270.5,1284,1255,1257.2,199800
18-04-2011,1256,1282,1250.5,1262.35,472600
19-04-2011,1250,1267.25,1240,1254.7,342300
20-04-2011,1258,1270.1,1250.1,1265,370500
21-04-2011,1274.9,1314,1267,1307,687100
22-04-2011,1310.7,1310.7,1310.7,1310.7,0
25-04-2011,1310,1335,1286.3,1326.45,1325300
26-04-2011,1324.9,1324.9,1297.25,1302.6,543600
27-04-2011,1308.9,1329.9,1305.2,1316.8,307200
28-04-2011,1321.2,1325.3,1297,1301.25,255700
29-04-2011,1295.25,1328.65,1288.65,1317.65,336400
02-05-2011,1320,1334,1286.1,1291.6,541700
03-05-2011,1290,1290,1241.25,1273.8,660800
04-05-2011,1268.5,1269,1241,1244.6,421100
05-05-2011,1244,1274.3,1235.3,1253.85,370000
06-05-2011,1254,1287,1242.4,1273.5,481300
09-05-2011,1276.5,1279.9,1240,1245.5,154100
10-05-2011,1245,1254.5,1234,1241.8,186600
11-05-2011,1236.4,1245.8,1214.15,1222.85,347200
12-05-2011,1220,1238,1215,1219.2,189600
13-05-2011,1219.2,1237,1215,1222.45,146600
16-05-2011,1215,1238.35,1203.3,1230.5,221700
17-05-2011,1230.5,1230.5,1205,1210,124900
18-05-2011,1209,1232.9,1190,1216.6,343900
19-05-2011,1210,1223.2,1206,1211.75,106500
20-05-2011,1212.3,1240.8,1210,1223.2,82300
23-05-2011,1207,1220,1200,1203.75,83600
24-05-2011,1206,1225.95,1195.65,1204.5,139300
25-05-2011,1201,1208.85,1192.25,1200.75,134900
26-05-2011,1195.35,1234.6,1195.35,1215.3,261000
27-05-2011,1210,1227,1201,1221.7,215100
30-05-2011,1224.95,1226,1207,1210.45,122500
31-05-2011,1220,1237,1213,1230.15,419300
01-06-2011,1220,1255,1220,1250.1,444000
02-06-2011,1231,1245.85,1220,1225.4,230600
03-06-2011,1230,1244.9,1218.55,1233.9,219800
06-06-2011,1228,1238.9,1210,1232,186500
07-06-2011,1210.95,1245,1210.95,1240,278500
08-06-2011,1225,1236.05,1218,1223.9,187900
09-06-2011,1215,1222.7,1210,1215.05,168500
10-06-2011,1205.15,1241,1191.05,1226.65,577900
13-06-2011,1220,1236.4,1208.15,1224.95,408800
14-06-2011,1215,1228.9,1208.2,1222.45,290800
15-06-2011,1214.2,1223.9,1205.1,1210,175700
16-06-2011,1196,1200,1183.9,1193.15,354300
17-06-2011,1224,1232,1161.3,1165,1075300
20-06-2011,1177,1177,1130.05,1160.75,523500
21-06-2011,1164.95,1170,1136,1144.8,261500
22-06-2011,1145.15,1149.9,1117.1,1122.75,359700
23-06-2011,1117,1118,1092,1099.3,556200
24-06-2011,1104,1125,1085.8,1119.6,836900
27-06-2011,1109.9,1159.2,1106,1152.75,434600
28-06-2011,1174.7,1174.7,1142.25,1157.85,267300
29-06-2011,1157,1183,1155.25,1176.95,235700
30-06-2011,1185,1186.75,1154.05,1159.9,416000
01-07-2011,1154,1155,1130,1143.15,447000
04-07-2011,1144,1163.95,1131.35,1157.8,278500
05-07-2011,1155.1,1170.85,1153.5,1166.35,183200
06-07-2011,1155.2,1174.85,1155.2,1168.9,179400
07-07-2011,1163,1189,1158.8,1182.7,229200
08-07-2011,1184.8,1202,1177.05,1184.25,341400
11-07-2011,1175.2,1178,1155,1164.15,162900
12-07-2011,1151.5,1152,1140.25,1147.45,174200
13-07-2011,1154,1167.9,1154,1164.8,151800
14-07-2011,1151.3,1188.4,1151.3,1174.2,368700
15-07-2011,1170.05,1184.7,1161.6,1177.55,171000
18-07-2011,1170,1188.95,1165,1174.75,151300
19-07-2011,1169.5,1174.9,1158.45,1163,245300
20-07-2011,1168.7,1176.9,1159.1,1162.7,255300
21-07-2011,1155.05,1170,1147.6,1156.15,172100
22-07-2011,1159,1168,1155,1161.6,376800
25-07-2011,1156.7,1185,1153.6,1181.25,203800
26-07-2011,1176,1201.7,1154.75,1176.95,1430900
27-07-2011,1182.9,1216.4,1172.2,1209.25,503500
28-07-2011,1197,1225,1178.55,1185.9,653400
29-07-2011,1189,1219.8,1189,1206.65,333000
01-08-2011,1210.1,1228.9,1191.45,1209.6,381500
02-08-2011,1193.05,1215.8,1193.05,1212.2,271800
03-08-2011,1195.5,1221.65,1195.5,1212.3,428400
04-08-2011,1198.05,1216,1193.35,1200.3,476000
05-08-2011,1170,1200,1168.8,1192,363400
08-08-2011,1178.45,1207.55,1163.1,1191.75,356000
09-08-2011,1170.05,1216.9,1170,1211.95,386200
10-08-2011,1225,1283.4,1215.6,1277.6,819300
11-08-2011,1270.55,1282,1239.25,1247.65,399000
12-08-2011,1249.4,1269,1238,1246.35,442100
16-08-2011,1246.2,1255.6,1220.1,1225.1,340300
17-08-2011,1220,1230.8,1179,1186,385000
18-08-2011,1197,1203,1152.65,1159.4,286900
19-08-2011,1137,1166.45,1134.1,1159.05,271900
22-08-2011,1165.5,1174.6,1149.1,1169.4,209400
23-08-2011,1171.1,1174.5,1152.4,1158.2,201700
24-08-2011,1145,1156.8,1097.35,1114.5,650600
25-08-2011,1124,1130.2,1103.4,1110.8,517700
26-08-2011,1117.05,1129,1047.75,1083.4,341700
29-08-2011,1080,1107,1056,1079.4,688900
30-08-2011,1070.1,1098.95,1063.6,1094.7,835800
02-09-2011,1072.05,1089,1067.05,1078.95,425100
05-09-2011,1073.5,1098.15,1064.25,1085.5,359400
06-09-2011,1088.9,1118.7,1088.9,1102.95,643400
07-09-2011,1103.45,1139.9,1093.3,1126.4,720700
08-09-2011,1137.9,1142,1122.4,1131.9,469200
09-09-2011,1136,1149,1098.9,1103.4,355400
12-09-2011,1098,1098,1056,1068.25,261100
13-09-2011,1070.55,1096,1061.65,1074.9,422700
14-09-2011,1078,1104,1041.35,1094.6,353900
15-09-2011,1085.2,1095.85,1060,1082.25,781300
16-09-2011,1071.1,1117.65,1065,1109.45,1247600
19-09-2011,1105,1148.6,1096.05,1140.75,1402200
20-09-2011,1139.85,1161.9,1116.5,1154.95,1153700
21-09-2011,1143.05,1148.45,1116.45,1122.7,448600
22-09-2011,1110,1114.8,1080,1087.1,569800
23-09-2011,1070,1106.15,1048.6,1090.9,659200
26-09-2011,1104,1108.8,1065,1076.8,413800
27-09-2011,1082.9,1110.9,1082.9,1106.15,290800
28-09-2011,1110,1110.65,1067,1078.25,282400
29-09-2011,1067.35,1116.9,1057,1105.1,662300
30-09-2011,1100,1107.9,1076.1,1083,216200
03-10-2011,1083.9,1100,1073.3,1077.75,421500
04-10-2011,1082,1116,1081.95,1107.85,1755600
05-10-2011,1117,1129,1077,1085.55,710300
07-10-2011,1115,1125,1096.8,1113.2,449100
10-10-2011,1080.1,1091.85,1065,1070.95,709200
11-10-2011,1065,1087.3,1063.2,1073.2,704000
12-10-2011,1067.85,1090,1065.65,1085.85,337600
13-10-2011,1075.05,1083.75,1050,1058.25,816400
14-10-2011,1050,1051,1021.6,1027.25,879100
17-10-2011,1030.55,1065.9,1010,1051.6,1683800
18-10-2011,1047,1064.9,1039.3,1052.3,597600
19-10-2011,1065,1074,1052.3,1065.8,585100
20-10-2011,1063.8,1079.9,1050,1077.45,522600
21-10-2011,1110,1117.5,1088,1094.55,1422400
24-10-2011,1112,1124.55,1106.3,1112.4,550300
25-10-2011,1122,1160,1117.2,1151.25,946300
26-10-2011,1159.7,1169,1145,1145,86300
28-10-2011,1167,1185,1111.15,1126,1538200
31-10-2011,1072,1133.1,1060,1125.3,2206500
01-11-2011,1122,1140,1112.65,1133.5,860700
02-11-2011,1116,1136,1116,1124,359100
03-11-2011,1120,1134,1120,1129.5,360500
04-11-2011,1135,1152.8,1117.4,1122.25,738100
08-11-2011,1130,1133.95,1118,1124.15,228100
09-11-2011,1129,1129,1071.55,1076.5,667800
11-11-2011,1084,1091.8,1037,1059.75,739300
14-11-2011,1068.35,1072.8,1021.1,1027,464400
15-11-2011,1031.25,1041.9,991,1003.5,598800
16-11-2011,1009,1009,981.5,991.4,606200
17-11-2011,988,998.95,941,947.15,1312500
18-11-2011,945,949,907.05,940.6,1641300
21-11-2011,939,967.3,931,943.05,1261600
22-11-2011,953,965,943.65,959.55,844100
23-11-2011,954.65,971.5,944.1,953.6,574200
24-11-2011,953.7,999,951.7,988.95,656100
25-11-2011,992,992.1,945.95,949.95,916100
28-11-2011,966.95,987.1,958,965.4,927500
29-11-2011,965.9,980.8,952.5,958.9,423500
30-11-2011,956.95,976.15,952.1,972.15,473400
01-12-2011,992,1008,958,962.25,1036600
02-12-2011,963.5,997,963,992.35,846000
05-12-2011,982.05,1005,980.05,999.55,520400
06-12-2011,999.55,999.55,999.55,999.55,0
07-12-2011,999.55,1014.9,991,998.7,533500
08-12-2011,1003,1004.85,965.85,975.9,537000
09-12-2011,963.5,994.5,956.35,985.8,634600
12-12-2011,985.8,990.05,951,958.2,546100
13-12-2011,952.1,969.4,950,956.5,519100
14-12-2011,950,963.55,937,947.65,616800
15-12-2011,940,940,911.45,931.7,539200
16-12-2011,931.7,949.9,908.7,931.55,848800
19-12-2011,925,931.2,900,916.65,620800
20-12-2011,924,926.9,908.7,916.15,366300
21-12-2011,926.1,969,926.1,961.9,702700
22-12-2011,941,978.95,941,965.85,648100
23-12-2011,975,988.5,968.25,975.5,372500
26-12-2011,984,991,965.05,969.5,351100
27-12-2011,971,979.4,951.3,963.15,230300
28-12-2011,964.9,972.2,950.25,959.3,232200
29-12-2011,954,959.5,915.5,921.75,544000
30-12-2011,935,939.9,911,918.3,390600
02-01-2012,923,944.35,917,938.9,531400
03-01-2012,947,964.7,941.35,952.8,363100
04-01-2012,953,969,943.15,948.25,296600
05-01-2012,948,948,925.6,933.45,458700
06-01-2012,928.7,955.8,927,949.75,349100
09-01-2012,949.9,975,948,971.05,430300
10-01-2012,981,993,977.25,986.35,356500
11-01-2012,988.55,995,972.2,987.9,433900
12-01-2012,984.8,1009,982.05,994.5,522500
13-01-2012,997,1009.2,974,977.05,516900
16-01-2012,970,1019.85,970,1008.05,781500
17-01-2012,1020,1120,1019.1,1108.35,3155200
18-01-2012,1112,1144.85,1092.5,1101.8,2781700
19-01-2012,1116.5,1135,1107,1129.95,857800
20-01-2012,1131,1135,1085,1103.5,729300
23-01-2012,1084,1172.45,1070.05,1160.65,2590600
24-01-2012,1167.4,1172.15,1128,1157.95,2008400
25-01-2012,1157,1198,1142,1180.75,1776400
26-01-2012,1180.75,1180.75,1180.75,1180.75,0
27-01-2012,1167.8,1219,1159.7,1210.65,951800
30-01-2012,1204,1226,1185,1193.3,656500
31-01-2012,1198,1209.9,1167.65,1186.7,1045400
01-02-2012,1190,1227,1183,1214.8,1040200
02-02-2012,1225,1233.45,1204.2,1217.65,619800
03-02-2012,1220,1254,1205,1240.85,647700
06-02-2012,1250,1265,1235.5,1252.75,560000
07-02-2012,1251,1262,1240,1246.95,443300
08-02-2012,1248,1280,1245.45,1266.5,517100
09-02-2012,1259.75,1278.9,1255.15,1270,541800
10-02-2012,1262.05,1273.95,1233.25,1244.6,631700
13-02-2012,1242.2,1258.4,1215.25,1225.05,639400
14-02-2012,1220.2,1274.5,1220.2,1267.7,899800
15-02-2012,1276,1324.9,1275.3,1302.8,1011500
16-02-2012,1300,1375,1279.2,1359.6,1510700
17-02-2012,1359,1366.1,1318.05,1321.55,650500
20-02-2012,1321.55,1321.55,1321.55,1321.55,0
21-02-2012,1317.05,1337.05,1295.2,1309.75,665600
22-02-2012,1307,1329.3,1281.05,1306.35,510700
23-02-2012,1291,1307.35,1271.65,1279.4,845200
24-02-2012,1290,1296.55,1277.8,1285.25,375000
27-02-2012,1285.1,1290,1235.25,1257,345300
28-02-2012,1263.5,1279,1243.05,1269.6,741700
29-02-2012,1275.2,1291.8,1239,1254.8,736500
01-03-2012,1267.9,1322,1247.75,1315.05,1543200
02-03-2012,1334,1336.7,1306.65,1330.55,924100
05-03-2012,1320.7,1333.9,1309.1,1315.2,547900
06-03-2012,1302,1350,1300.35,1331.6,662000
07-03-2012,1321.1,1329.9,1281,1308.55,438100
08-03-2012,1315.05,1315.05,1315.05,1315.05,0
09-03-2012,1320,1359,1320,1341.35,625500
12-03-2012,1351,1356,1328.7,1337.25,434600
13-03-2012,1345,1384,1345,1368.25,863800
14-03-2012,1380,1399.7,1366.55,1371.9,688900
15-03-2012,1365,1379.65,1355.1,1366.4,575200
16-03-2012,1352.25,1428.95,1339,1374.35,1604800
19-03-2012,1377.5,1378.8,1353.15,1362.1,323100
20-03-2012,1362.1,1363,1328.5,1358.2,471300
21-03-2012,1365,1372.9,1333,1363.2,841200
22-03-2012,1355.55,1357.7,1321.1,1330.3,437300
23-03-2012,1320.05,1320.5,1286.2,1306.55,806800
26-03-2012,1315,1322.3,1290.4,1297.45,696000
27-03-2012,1310,1310.25,1258.3,1273.7,1138200
28-03-2012,1274.85,1294.95,1254,1288.3,584500
29-03-2012,1279.8,1319.95,1264.2,1305.85,918100
30-03-2012,1309,1356.5,1293.05,1350.5,650400
02-04-2012,1361,1364.2,1332,1338.55,486200
03-04-2012,1345,1349.6,1303.9,1309.55,475200
04-04-2012,1309.55,1337.8,1306.85,1315.7,543700
05-04-2012,1315.7,1315.7,1315.7,1315.7,0
06-04-2012,1315.7,1315.7,1315.7,1315.7,0
09-04-2012,1305,1321.4,1275,1283.35,420500
10-04-2012,1282,1295.2,1260.65,1275.8,534300
11-04-2012,1263.15,1285.1,1262.05,1272.45,401100
12-04-2012,1279.7,1315.7,1276.3,1312.4,671600
13-04-2012,1315.25,1350,1312.4,1322.75,943900
16-04-2012,1312.55,1352.85,1309.9,1342.3,526300
17-04-2012,1394.8,1394.8,1326.4,1342.2,583100
18-04-2012,1350,1366.7,1345.05,1352.5,642600
19-04-2012,1364.4,1401.4,1357.4,1391.25,922500
20-04-2012,1392.25,1417.05,1380,1390.7,816600
23-04-2012,1391.1,1408,1372.1,1377.55,518900
24-04-2012,1375,1376.6,1349.75,1363.75,270400
25-04-2012,1362.1,1389,1362.1,1382.1,593400
26-04-2012,1380,1399,1366.1,1381.95,762000
27-04-2012,1381.05,1388.4,1374.15,1382.5,429200
30-04-2012,1399,1399,1358.25,1371.85,956000
01-05-2012,1374.25,1374.25,1374.25,1374.25,0
02-05-2012,1384.5,1384.5,1324,1332.9,666600
03-05-2012,1329.8,1329.8,1284.1,1290,662700
04-05-2012,1287.3,1291.5,1260.95,1281.3,644700
07-05-2012,1264.95,1329,1254,1310.85,680600
08-05-2012,1324,1331.7,1299.05,1306,632900
09-05-2012,1292.25,1312,1285.55,1301.25,330100
10-05-2012,1290.15,1305.4,1250.15,1261.85,415200
11-05-2012,1247.95,1251.15,1217.1,1235.25,486100
14-05-2012,1235,1258,1231.85,1249,491900
15-05-2012,1238,1239.9,1205.1,1217.3,567300
16-05-2012,1202.25,1202.25,1167.35,1192.1,673600
17-05-2012,1200,1218,1188,1205.3,599600
18-05-2012,1175.25,1193,1156,1166.65,612400
21-05-2012,1173.25,1215.95,1170.55,1208.8,413800
22-05-2012,1218.85,1224.6,1143.35,1153.95,950800
23-05-2012,1141,1163.9,1116,1153.1,782000
24-05-2012,1128.9,1148.85,1115.45,1144.45,955700
25-05-2012,1133,1150,1109,1119,921100
28-05-2012,1124.1,1130,1098.2,1103.55,874000
29-05-2012,1111,1136.2,1105,1128.35,817100
30-05-2012,1112.05,1157.35,1110,1151.05,1151100
31-05-2012,1129,1134.35,1093.15,1100.25,3301100
01-06-2012,1106.95,1118.6,1071,1074.85,879700
04-06-2012,1069.7,1078,1051,1067.5,548500
05-06-2012,1077.5,1089.9,1058.3,1079,605000
06-06-2012,1079.9,1115.8,1076.35,1107.95,925800
07-06-2012,1120,1146.4,1110.6,1143.25,984700
08-06-2012,1137,1137,1111.15,1124.05,456000
11-06-2012,1132,1143.4,1102,1110.5,724200
12-06-2012,1104,1152.8,1103.35,1144.55,534200
13-06-2012,1138,1144,1102.5,1107.75,1333400
14-06-2012,1110.15,1125.3,1073.15,1080.1,882600
15-06-2012,1094,1110,1077.3,1106.8,685800
18-06-2012,1115,1127.45,1083.5,1091.8,610100
19-06-2012,1090,1103.7,1076.4,1090.95,430200
20-06-2012,1089,1092.55,1073,1076.4,616000
21-06-2012,1080,1094,1062.1,1088.85,844900
22-06-2012,1078,1113.3,1074.5,1102.1,904600
25-06-2012,1106.6,1133.9,1106.6,1113.9,910200
26-06-2012,1115,1120.95,1105.05,1113.2,302200
27-06-2012,1121,1124,1109,1121.7,532500
28-06-2012,1126.95,1132,1110.35,1120.85,516400
29-06-2012,1140,1176,1140,1169.75,1346700
02-07-2012,1180,1204.8,1155,1178.5,1141200
03-07-2012,1188,1201.2,1185.45,1191.65,973800
04-07-2012,1197.25,1224.5,1197.25,1221.15,1044700
05-07-2012,1215.55,1250,1213.5,1240.3,1278100
06-07-2012,1240.35,1242,1211.5,1215.5,611000
09-07-2012,1212,1213,1183.75,1187.75,403900
10-07-2012,1193,1228.8,1181,1220.55,794600
11-07-2012,1214,1218,1200.05,1203.4,407300
12-07-2012,1199.8,1216,1189.15,1195.6,559500
13-07-2012,1200.25,1207.9,1175.65,1183.95,592800
16-07-2012,1190,1212.95,1178.4,1203.3,599600
17-07-2012,1210.5,1215.75,1190.6,1196.2,273100
18-07-2012,1197.35,1229,1186.8,1226.6,508700
19-07-2012,1175,1175,1110,1117.3,8345300
20-07-2012,1095.25,1151.7,1094.75,1147.5,4553400
23-07-2012,1106,1107,1074.3,1079.95,4040200
24-07-2012,1086,1119,1085.25,1106.9,2373400
25-07-2012,1095,1107.8,1085.95,1102.95,1202400
26-07-2012,1110,1125.6,1098.6,1108.55,2109300
27-07-2012,1124.75,1124.95,1106.05,1112.95,884800
30-07-2012,1085.1,1124.5,1082.65,1119.9,1353300
31-07-2012,1115,1137.6,1112.75,1134.85,708500
01-08-2012,1134,1144,1118.5,1125.6,704100
02-08-2012,1129.8,1134,1116,1125.35,429800
03-08-2012,1119.8,1124.85,1108.95,1120.85,297500
06-08-2012,1134,1141,1125,1137.65,425400
07-08-2012,1139.95,1148.95,1130,1146.95,556400
08-08-2012,1140.6,1151.25,1136,1140.1,568500
09-08-2012,1142,1166,1137,1144.8,895000
10-08-2012,1144,1175.85,1140.65,1165.8,638600
13-08-2012,1179.3,1195,1177.2,1184.95,838200
14-08-2012,1184,1191,1160,1184.9,418200
15-08-2012,1184.9,1184.9,1184.9,1184.9,0
16-08-2012,1191.8,1198,1170,1172.6,396800
17-08-2012,1190,1194.8,1171.15,1177.55,1988300
20-08-2012,1177.55,1177.55,1177.55,1177.55,0
21-08-2012,1190,1197,1176.1,1187.9,1186200
22-08-2012,1185,1206,1180.05,1183.15,700000
23-08-2012,1186.25,1192.05,1177,1181,304300
24-08-2012,1181.2,1193,1161,1190.3,470800
27-08-2012,1194.95,1198.5,1164.05,1167.8,355900
28-08-2012,1165.2,1183.3,1156,1164.45,432400
29-08-2012,1167.25,1173,1154.25,1167.8,630100
30-08-2012,1160.05,1164,1133.1,1143.6,896900
31-08-2012,1138.4,1148.5,1130,1143.3,392500
03-09-2012,1130.2,1170.05,1130.2,1162.5,445400
04-09-2012,1162.5,1179,1147.5,1174.65,417800
05-09-2012,1170,1179,1162.05,1174.5,421800
06-09-2012,1170,1196,1170,1183.45,767900
07-09-2012,1196,1208,1191.3,1205,1285000
10-09-2012,1212,1220.75,1197.6,1206.1,474300
11-09-2012,1198.5,1220.95,1191.7,1213.85,498700
12-09-2012,1216,1225.25,1212.3,1220.2,482800
13-09-2012,1222.3,1229.85,1204,1210.6,347500
14-09-2012,1226,1267.8,1226,1261.1,1197000
17-09-2012,1281,1324.5,1275.05,1279.3,1338300
18-09-2012,1289.9,1292.6,1268.15,1275.95,640800
19-09-2012,1275.95,1275.95,1275.95,1275.95,0
20-09-2012,1251,1301.8,1251,1282.9,940300
21-09-2012,1294,1317.3,1287.15,1311.75,800000
24-09-2012,1315,1369.8,1310.15,1354.65,994200
25-09-2012,1360.8,1368.4,1317.05,1321.7,693500
26-09-2012,1308.05,1329.6,1297.45,1312.1,909300
27-09-2012,1317.9,1342,1317.45,1331.05,1272200
28-09-2012,1345,1370,1341,1350.6,1241000
01-10-2012,1359,1382.8,1347.6,1358,865200
02-10-2012,1358,1358,1358,1358,0
03-10-2012,1358,1374.3,1354.45,1363.45,639200
04-10-2012,1371.25,1409.85,1362.6,1390.5,1104900
05-10-2012,1399.5,1409,1261.2,1387.7,987100
08-10-2012,1382,1409.9,1375.15,1385.45,1099700
09-10-2012,1400,1405,1387.5,1392.6,755900
10-10-2012,1385,1394.5,1376,1378.95,450000
11-10-2012,1385,1391,1347.5,1369.2,1280900
12-10-2012,1355.5,1387.5,1355.5,1372.05,792100
15-10-2012,1374.3,1384.3,1334,1338.25,710000
16-10-2012,1342.5,1372.7,1337.6,1367.05,860500
17-10-2012,1378.85,1389,1362.95,1368.15,896200
18-10-2012,1373.25,1388.5,1371.1,1378.75,559100
19-10-2012,1373.45,1382,1362.7,1369.25,243000
22-10-2012,1362,1377.9,1353.55,1369.85,278300
23-10-2012,1365,1377.9,1361,1366.9,351500
24-10-2012,1366.9,1366.9,1366.9,1366.9,0
25-10-2012,1369,1376.95,1348,1368.85,540800
26-10-2012,1368.85,1368.85,1368.85,1368.85,0
29-10-2012,1370,1373,1353.6,1362.2,665000
30-10-2012,1351,1419,1338,1390.8,1697500
31-10-2012,1385,1443.8,1381.3,1437.9,2341000
01-11-2012,1439,1467,1438.1,1459.75,1719100
02-11-2012,1466,1477.35,1454.1,1465.9,1151200
05-11-2012,1462,1487.95,1458.75,1478.25,741500
06-11-2012,1468.05,1474.95,1443.1,1451.6,915200
07-11-2012,1448.65,1478.25,1448.05,1467.15,486700
08-11-2012,1451.2,1473.15,1451.1,1459.75,459000
09-11-2012,1459.75,1475,1457.5,1463.4,578000
12-11-2012,1474,1474,1443.9,1454.1,290500
13-11-2012,1454.1,1454.1,1454.1,1454.1,0
14-11-2012,1454.1,1454.1,1454.1,1454.1,0
15-11-2012,1446.3,1477,1440.75,1466.05,788700
16-11-2012,1461,1477,1434.2,1438.1,376300
19-11-2012,1445.9,1506.7,1445.9,1494.25,1688400
20-11-2012,1505,1509.1,1486.95,1499.3,1032900
21-11-2012,1500.25,1503.95,1480.1,1492.5,421400
22-11-2012,1500,1514.5,1489.25,1493.45,427000
23-11-2012,1501,1503,1485,1493.3,223800
26-11-2012,1501.1,1501.25,1485,1491.85,381100
27-11-2012,1498,1509.4,1493.05,1497.65,531400
28-11-2012,1497.65,1497.65,1497.65,1497.65,0
29-11-2012,1500,1504.45,1474.15,1489.1,639000
30-11-2012,1492.25,1499,1470.2,1473.85,432300
03-12-2012,1480,1504.25,1479.45,1489.9,710900
04-12-2012,1502,1502,1475.65,1480.55,326100
05-12-2012,1487,1490,1472,1477.35,368300
06-12-2012,1480.8,1486.95,1459.45,1482.55,340100
07-12-2012,1490,1539.9,1490,1509.95,1272100
10-12-2012,1505,1523.5,1490.25,1493.4,314500
11-12-2012,1489.9,1500,1466.6,1477.9,309800
12-12-2012,1485,1491.95,1463.05,1476,652400
13-12-2012,1482,1496,1470,1474.15,536500
14-12-2012,1478.25,1488,1451,1477.25,464600
17-12-2012,1490,1510.8,1480.55,1499.65,879000
18-12-2012,1500,1504.95,1471.85,1475.35,579100
19-12-2012,1487.35,1516.95,1484.9,1509.75,960000
20-12-2012,1513.7,1530.15,1510,1520.15,626500
21-12-2012,1513,1521.9,1500.1,1504.9,505200
24-12-2012,1497.25,1500.85,1475.35,1478.9,338400
25-12-2012,1478.9,1478.9,1478.9,1478.9,0
26-12-2012,1478.5,1493.9,1478,1480.1,260100
27-12-2012,1490,1501,1475.35,1482,588200
28-12-2012,1490,1517,1484.1,1500.4,453900
31-12-2012,1502.5,1514,1486.75,1490.05,187000
01-01-2013,1497,1524,1484.95,1514.4,446000
02-01-2013,1518.8,1566,1518.8,1557.4,801300
03-01-2013,1567,1567,1540.3,1543.3,584200
04-01-2013,1542,1558.9,1539.5,1545.45,361700
07-01-2013,1553.5,1601.75,1553.5,1584.6,951200
08-01-2013,1593.9,1594,1571,1574.85,640300
09-01-2013,1570,1595.4,1561.6,1569.6,671700
10-01-2013,1576.1,1589,1564.15,1572.3,911200
11-01-2013,1572,1592.95,1557.7,1565.25,812400
14-01-2013,1570,1578,1531,1539.1,1491600
15-01-2013,1545,1564.9,1543.2,1546,693300
16-01-2013,1540,1560,1482.3,1493.2,1202300
17-01-2013,1486.1,1521.7,1486.1,1494.1,986700
18-01-2013,1507.8,1564.2,1502.5,1547.45,1741900
21-01-2013,1555,1582.8,1550.75,1574.6,1538100
22-01-2013,1581,1594.9,1567.05,1570.1,930300
23-01-2013,1584,1586.35,1565.2,1573.7,841400
24-01-2013,1576,1578,1528.7,1538.8,575600
25-01-2013,1549,1606,1542.25,1599.45,2993800
28-01-2013,1621,1633.9,1600.5,1608.15,1157300
29-01-2013,1608,1628,1588,1593.05,703100
30-01-2013,1603.95,1622.75,1596,1601.9,649400
31-01-2013,1594,1616,1578.05,1581.6,933200
01-02-2013,1585.2,1621.8,1580,1609.7,895900
04-02-2013,1612,1616.8,1591,1599.4,416400
05-02-2013,1593,1610.5,1590,1600.35,491900
06-02-2013,1610,1639,1610,1627.85,1082600
07-02-2013,1626.95,1628.9,1614.4,1622.35,480000
08-02-2013,1625,1631.9,1577.15,1587.7,659400
11-02-2013,1593.7,1594.9,1555.85,1558.8,361400
12-02-2013,1561.55,1584,1548.15,1558.95,442700
13-02-2013,1559.7,1570,1530,1532.45,598500
14-02-2013,1515.1,1518.45,1476.35,1485.25,1655600
15-02-2013,1477.25,1485,1463.5,1475.05,688900
18-02-2013,1476,1485,1466.5,1479.8,457100
19-02-2013,1471.25,1524.8,1463.3,1511.25,814300
20-02-2013,1503.25,1511.25,1482.35,1508.3,639000
21-02-2013,1494,1507.9,1450.15,1467.5,957000
22-02-2013,1463.4,1467,1430.1,1438.4,648600
25-02-2013,1442,1459.9,1438.25,1444.1,399000
26-02-2013,1440,1440,1391.1,1404.3,686200
27-02-2013,1400,1429.85,1377.2,1408.55,504700
28-02-2013,1415.3,1418.8,1340.3,1354.35,2957800
01-03-2013,1364,1436.4,1362.25,1424.4,935300
04-03-2013,1408.1,1416.8,1390.9,1398.75,277700
05-03-2013,1395,1444.8,1395,1430.75,620300
06-03-2013,1434.45,1442.2,1411.3,1424.45,436600
07-03-2013,1419.5,1454.8,1409.85,1449.35,425600
08-03-2013,1460,1473.95,1415.9,1428.95,756400
11-03-2013,1438.9,1448,1414,1417.95,372100
12-03-2013,1410.65,1430,1401.7,1417,423100
13-03-2013,1404,1413.7,1371,1374.25,328400
14-03-2013,1372,1424.9,1360.75,1418.8,627700
15-03-2013,1424,1427.8,1387.6,1406.7,444500
18-03-2013,1390,1393.9,1355.65,1361.05,369600
19-03-2013,1366,1382.8,1335.05,1364.65,677700
20-03-2013,1355,1374,1332,1342.6,454100
21-03-2013,1343,1357.7,1288,1306.95,707600
22-03-2013,1313.8,1323,1295.5,1305.55,719800
25-03-2013,1321,1330,1276.4,1285.2,336000
26-03-2013,1275.2,1297.9,1266.1,1293.25,303700
27-03-2013,1293.25,1293.25,1293.25,1293.25,0
28-03-2013,1287,1315.8,1271.7,1281.2,840300
29-03-2013,1281.2,1281.2,1281.2,1281.2,0
01-04-2013,1280,1288.4,1262,1283.8,280400
02-04-2013,1275,1315.85,1260,1307.8,798800
03-04-2013,1295,1328.4,1295,1303.5,361600
04-04-2013,1292,1329.5,1282,1320,384300
05-04-2013,1327,1424,1327,1406.3,1681600
08-04-2013,1402.2,1424,1381.25,1420.15,781100
09-04-2013,1426,1442,1401,1407.4,682000
10-04-2013,1413.1,1417.65,1384.25,1412.6,479100
11-04-2013,1414,1432,1397.8,1425.15,505400
12-04-2013,1420,1430,1402.15,1408.45,245100
15-04-2013,1400,1444.9,1396.35,1422.9,358300
16-04-2013,1415,1487.9,1415,1482.05,620200
17-04-2013,1486.1,1504.8,1467.1,1494.5,422600
18-04-2013,1485.3,1533.45,1485.3,1524.6,540800
19-04-2013,1524.6,1524.6,1524.6,1524.6,0
22-04-2013,1528,1553.85,1525.9,1540.45,352300
23-04-2013,1541,1544.2,1515.15,1536.35,288800
24-04-2013,1536.35,1536.35,1536.35,1536.35,0
25-04-2013,1541.9,1599.25,1541.9,1590.95,775600
26-04-2013,1590.95,1693,1567.5,1673.15,3505600
29-04-2013,1675.85,1704.35,1675.85,1683.5,897400
30-04-2013,1690,1697,1655.85,1669.6,400500
01-05-2013,1669.6,1669.6,1669.6,1669.6,0
02-05-2013,1642,1709.7,1642,1679.8,877800
03-05-2013,1682.75,1699.5,1661.6,1665.4,575700
06-05-2013,1669,1699,1657.4,1692.4,414800
07-05-2013,1700,1707.15,1683.8,1692.8,462100
08-05-2013,1697,1697,1674,1678.45,306200
09-05-2013,1682.25,1684,1655.9,1660.15,344400
10-05-2013,1675,1734.9,1673,1727.95,1228100
13-05-2013,1740,1740,1698.85,1705,347500
14-05-2013,1706,1715.9,1691.5,1703.9,300600
15-05-2013,1719.75,1758,1711.8,1739.05,653400
16-05-2013,1730.1,1749.8,1722.3,1728.2,289800
17-05-2013,1730,1741.25,1700.7,1708.7,288400
20-05-2013,1715,1774.4,1715,1742.25,549200
21-05-2013,1742.35,1744.55,1691.6,1697.4,559400
22-05-2013,1705,1714.65,1682,1687.6,419200
23-05-2013,1680,1687.45,1586.1,1647.5,1072900
24-05-2013,1650.4,1777,1614,1674.9,743600
27-05-2013,1670,1670,1633.7,1648.75,584200
28-05-2013,1650.05,1669,1650.05,1655.1,333700
29-05-2013,1650,1661.8,1620.65,1634.15,457800
30-05-2013,1623,1646,1603.35,1637.5,593400
31-05-2013,1625.1,1652.9,1598.15,1605.6,410500
03-06-2013,1599.95,1599.95,1548.35,1568.55,432300
04-06-2013,1555.65,1588.75,1539.3,1546.8,431300
05-06-2013,1550.1,1576.3,1533.25,1568.25,621100
06-06-2013,1558.8,1598.8,1550,1587.1,498200
07-06-2013,1565,1583.5,1545,1554.9,780900
10-06-2013,1575,1580.95,1510.15,1521.85,503900
11-06-2013,1512,1521,1481,1490.45,675100
12-06-2013,1486,1490,1461.9,1479.65,469600
13-06-2013,1459,1461.5,1430,1456.6,690900
14-06-2013,1482,1520,1471.65,1514.15,383700
17-06-2013,1535.1,1551.4,1505.1,1535.25,533200
18-06-2013,1535,1547,1521,1538.55,529900
19-06-2013,1529.2,1549.5,1524,1543.75,389000
20-06-2013,1520,1540.9,1493.25,1525.15,505000
21-06-2013,1520,1559.9,1511.75,1554.65,433500
24-06-2013,1546,1572,1531.8,1544.45,707600
25-06-2013,1540,1557.2,1502.25,1545.2,484800
26-06-2013,1546.2,1557.9,1513.6,1544.75,408500
27-06-2013,1560,1565,1511.2,1521.2,493800
28-06-2013,1540,1549.2,1517.1,1537.75,444700
01-07-2013,1540,1622.4,1515,1605.45,856000
02-07-2013,1590.5,1619,1572.5,1578.65,589400
03-07-2013,1561,1581,1555.65,1560.95,173700
04-07-2013,1570,1577,1533.05,1557.35,278100
05-07-2013,1571,1575,1549,1554.55,273800
08-07-2013,1545,1563,1530,1551.05,311100
09-07-2013,1544,1549,1521,1543.85,467700
10-07-2013,1537.05,1549.65,1530,1543.5,344300
11-07-2013,1560,1579.1,1497.25,1505.55,543600
12-07-2013,1495,1505.05,1438.5,1447.95,945400
15-07-2013,1449,1465,1433.15,1446.6,522600
16-07-2013,1429,1429.9,1401,1411.25,817300
17-07-2013,1412.25,1432.8,1401.5,1421.15,1141100
18-07-2013,1415,1456,1407.2,1445.55,714400
19-07-2013,1450.25,1462,1432.1,1451.5,403800
22-07-2013,1437,1466.5,1435,1448.45,324000
23-07-2013,1442.3,1464,1439.7,1448.7,451300
24-07-2013,1437,1443.8,1402.1,1416.05,405600
25-07-2013,1420.4,1452.15,1402.25,1414,1896000
26-07-2013,1448,1448,1352.7,1375.4,1226100
29-07-2013,1375,1378.1,1335.8,1348.2,710700
30-07-2013,1349.9,1362.8,1340.5,1342.4,459700
31-07-2013,1336,1336,1292,1326.3,500700
01-08-2013,1326,1359.6,1322.25,1340.3,797500
02-08-2013,1358,1363.85,1327.65,1337.7,360900
05-08-2013,1345.25,1361.8,1332.05,1343.9,178300
06-08-2013,1330,1358.75,1309.25,1331.95,301400
07-08-2013,1345,1349.9,1302,1330.85,456600
08-08-2013,1331.1,1392.4,1331.1,1385.05,1398900
09-08-2013,1385.05,1385.05,1385.05,1385.05,0
12-08-2013,1392.25,1409,1372.2,1380.2,700000
13-08-2013,1355,1412.85,1355,1396.95,1031800
14-08-2013,1398,1424,1385,1391.2,530300
15-08-2013,1391.2,1391.2,1391.2,1391.2,0
16-08-2013,1389.15,1389.2,1317.15,1325.1,1464700
19-08-2013,1320,1336.8,1300,1308.45,429700
20-08-2013,1300,1306.7,1268.6,1297.9,916900
21-08-2013,1313,1324.85,1275,1284.45,926500
22-08-2013,1284.2,1299,1232.6,1285.7,1030500
23-08-2013,1299.9,1324,1266.05,1293,621200
26-08-2013,1300,1318.3,1294.45,1308.15,438700
27-08-2013,1299.9,1306.95,1240,1260.25,929700
28-08-2013,1238,1249,1215,1236.35,1150600
29-08-2013,1240.5,1263.8,1223.3,1250.6,573900
30-08-2013,1246,1249,1225,1243.55,758900
02-09-2013,1240.25,1307.6,1233,1300,537400
03-09-2013,1315,1319.6,1254.5,1276.05,627600
04-09-2013,1269,1282.8,1242,1276.5,656700
05-09-2013,1290,1314.35,1290,1299.6,531000
06-09-2013,1311,1311.95,1277,1288.4,473900
09-09-2013,1288.4,1288.4,1288.4,1288.4,0
10-09-2013,1305,1349.95,1300,1336.65,857100
11-09-2013,1351,1388.8,1346.3,1360.8,1255300
12-09-2013,1367.95,1376,1315.55,1320.9,523200
13-09-2013,1315,1335,1301,1315.9,534700
16-09-2013,1343.35,1379.3,1334.45,1359.9,707000
17-09-2013,1362,1388.8,1360,1375.8,478200
18-09-2013,1385,1405,1377,1401.85,413200
19-09-2013,1441,1503.4,1441,1480,1132500
20-09-2013,1479.9,1482,1401,1467.25,751200
23-09-2013,1450,1454.4,1388,1401.25,500000
24-09-2013,1390,1442,1387,1410.8,517200
25-09-2013,1414.9,1423,1376.15,1393.2,326300
26-09-2013,1415,1423,1380.1,1387.55,537600
27-09-2013,1391.9,1407.7,1361.55,1366.95,599100
30-09-2013,1366,1373.65,1340,1358.55,406900
01-10-2013,1364.05,1410,1364,1380.2,931300
02-10-2013,1380.2,1380.2,1380.2,1380.2,0
03-10-2013,1394.95,1420,1375.2,1412.35,650100
04-10-2013,1410.5,1434.95,1406.05,1428.5,666300
07-10-2013,1425,1432.7,1402.05,1410.2,329700
08-10-2013,1420,1423.85,1400,1406.6,411400
09-10-2013,1407,1407,1386.2,1398.5,481800
10-10-2013,1399,1425.2,1398.25,1421.1,617200
11-10-2013,1436.1,1470,1413.1,1464,762700
14-10-2013,1465.25,1479,1442.4,1446.9,697200
15-10-2013,1452,1473.2,1431,1439.9,413000
16-10-2013,1439.9,1439.9,1439.9,1439.9,0
17-10-2013,1440.05,1451.8,1418,1427.05,316000
18-10-2013,1432,1472.5,1428.1,1468.75,490200
21-10-2013,1470.35,1542.75,1470.1,1519.95,877300
22-10-2013,1523,1536,1505.3,1514.6,351900
23-10-2013,1516.8,1545,1482.5,1528.85,534800
24-10-2013,1528,1549.75,1499.95,1513.9,580700
25-10-2013,1501.1,1533.1,1490,1508.7,432100
28-10-2013,1510.35,1529,1503,1513.35,919500
29-10-2013,1590.9,1646.5,1565.75,1635.25,4085300
30-10-2013,1641,1659.9,1625,1636.65,951100
31-10-2013,1626.1,1646.7,1617.25,1636.2,760600
01-11-2013,1642,1655.85,1626.25,1636.15,733400
04-11-2013,1636.15,1636.15,1636.15,1636.15,0
05-11-2013,1645,1645,1617.2,1623.25,491000
06-11-2013,1622,1644,1610,1614.55,526900
07-11-2013,1610.3,1644.9,1602.4,1610.8,496500
08-11-2013,1605.1,1610,1557.5,1580.55,740900
11-11-2013,1580,1604,1561.3,1582.55,509600
12-11-2013,1591.5,1622,1582.1,1587.1,720300
13-11-2013,1580,1594,1573,1579.5,446700
14-11-2013,1596.7,1625,1591.45,1612.6,633100
15-11-2013,1612.6,1612.6,1612.6,1612.6,0
18-11-2013,1627.7,1635.15,1612.05,1629.35,642600
19-11-2013,1630,1691.1,1625.45,1682.55,1253100
20-11-2013,1690,1700,1643.1,1649.85,612900
21-11-2013,1654.9,1667.7,1638.85,1647,591400
22-11-2013,1662,1676.75,1636.25,1640.15,822900
25-11-2013,1653,1689.8,1646.3,1678.9,730800
26-11-2013,1680,1688,1654.55,1663.3,395900
27-11-2013,1668.05,1670,1641,1659.95,571200
28-11-2013,1669,1675,1648.15,1666.65,888600
29-11-2013,1670,1692.65,1667.15,1676.15,502100
02-12-2013,1670,1682.3,1656.6,1661.4,495500
03-12-2013,1660,1686.85,1652.25,1663.25,572100
04-12-2013,1652.3,1669.8,1633.95,1639.75,428700
05-12-2013,1667.15,1708.7,1667.15,1700.15,1947400
06-12-2013,1705.75,1717.65,1694,1701.5,834800
09-12-2013,1738.9,1770,1709.5,1763.75,1184900
10-12-2013,1763,1780.6,1746,1751.8,1048000
11-12-2013,1743.3,1775.9,1735,1753,668000
12-12-2013,1748,1748,1710.4,1714.8,478400
13-12-2013,1710,1719.95,1682.6,1689.6,577300
16-12-2013,1687,1714.9,1676,1701.6,428100
17-12-2013,1710.2,1731.7,1694.95,1701.9,552300
18-12-2013,1703.75,1740.85,1695.4,1729.95,791800
19-12-2013,1741,1798,1725.25,1780.55,1469400
20-12-2013,1795,1830,1774.95,1809.65,1493300
23-12-2013,1809,1819.9,1795.6,1802.4,681300
24-12-2013,1795,1802.55,1775.25,1788.8,409300
25-12-2013,1788.8,1788.8,1788.8,1788.8,0
26-12-2013,1785,1803.75,1778.45,1793.6,362400
27-12-2013,1790.25,1800.7,1763,1775.05,503500
30-12-2013,1785,1794.85,1768,1777.2,358000
31-12-2013,1780.1,1784.95,1757.55,1763.9,303500
